res_name,prob,prediction,cluster
S00010-38truncated_A_GLY_39,0.04,0,-1
S00010-38truncated_A_ALA_40,0.03,0,-1
S00010-38truncated_A_ARG_41,0.1,0,-1
S00010-38truncated_A_SER_42,0.04,0,-1
S00010-38truncated_A_ALA_43,0.01,0,-1
S00010-38truncated_A_SER_44,0.05,0,-1
S00010-38truncated_A_SER_45,0.05,0,-1
S00010-38truncated_A_LEU_46,0.1,0,-1
S00010-38truncated_A_ALA_47,0.04,0,-1
S00010-38truncated_A_LEU_48,0.06,0,-1
S00010-38truncated_A_ALA_49,0.14,0,-1
S00010-38truncated_A_ILE_50,0.16,0,-1
S00010-38truncated_A_ALA_51,0.1,0,-1
S00010-38truncated_A_ILE_52,0.2,0,-1
S00010-38truncated_A_THR_53,0.18,0,-1
S00010-38truncated_A_ALA_54,0.13,0,-1
S00010-38truncated_A_LEU_55,0.17,0,-1
S00010-38truncated_A_TYR_56,0.34,0,-1
S00010-38truncated_A_SER_57,0.16,0,-1
S00010-38truncated_A_ALA_58,0.07,0,-1
S00010-38truncated_A_VAL_59,0.12,0,-1
S00010-38truncated_A_CYS_60,0.12,0,-1
S00010-38truncated_A_ALA_61,0.14,0,-1
S00010-38truncated_A_VAL_62,0.07,0,-1
S00010-38truncated_A_GLY_63,0.13,0,-1
S00010-38truncated_A_LEU_64,0.14,0,-1
S00010-38truncated_A_LEU_65,0.08,0,-1
S00010-38truncated_A_GLY_66,0.19,0,-1
S00010-38truncated_A_ASN_67,0.18,0,-1
S00010-38truncated_A_VAL_68,0.18,0,-1
S00010-38truncated_A_LEU_69,0.25,0,-1
S00010-38truncated_A_VAL_70,0.18,0,-1
S00010-38truncated_A_MET_71,0.16,0,-1
S00010-38truncated_A_PHE_72,0.15,0,-1
S00010-38truncated_A_GLY_73,0.21,0,-1
S00010-38truncated_A_ILE_74,0.13,0,-1
S00010-38truncated_A_VAL_75,0.1,0,-1
S00010-38truncated_A_ARG_76,0.2,0,-1
S00010-38truncated_A_TYR_77,0.17,0,-1
S00010-38truncated_A_THR_78,0.13,0,-1
S00010-38truncated_A_LYS_79,0.06,0,-1
S00010-38truncated_A_MET_80,0.15,0,-1
S00010-38truncated_A_LYS_81,0.05,0,-1
S00010-38truncated_A_THR_82,0.11,0,-1
S00010-38truncated_A_ALA_83,0.2,0,-1
S00010-38truncated_A_THR_84,0.19,0,-1
S00010-38truncated_A_ASN_85,0.09,0,-1
S00010-38truncated_A_ILE_86,0.19,0,-1
S00010-38truncated_A_TYR_87,0.26,0,-1
S00010-38truncated_A_ILE_88,0.25,0,-1
S00010-38truncated_A_PHE_89,0.28,0,-1
S00010-38truncated_A_ASN_90,0.34,0,-1
S00010-38truncated_A_LEU_91,0.31,0,-1
S00010-38truncated_A_ALA_92,0.3,0,-1
S00010-38truncated_A_LEU_93,0.15,0,-1
S00010-38truncated_A_ALA_94,0.29,0,-1
S00010-38truncated_A_ASP_95,0.31,0,-1
S00010-38truncated_A_ALA_96,0.28,0,-1
S00010-38truncated_A_LEU_97,0.33,0,-1
S00010-38truncated_A_ALA_98,0.35,0,-1
S00010-38truncated_A_THR_99,0.4,0,-1
S00010-38truncated_A_SER_100,0.38,0,-1
S00010-38truncated_A_THR_101,0.32,0,-1
S00010-38truncated_A_LEU_102,0.15,0,-1
S00010-38truncated_A_PRO_103,0.09,0,-1
S00010-38truncated_A_PHE_104,0.21,0,-1
S00010-38truncated_A_GLN_105,0.3,0,-1
S00010-38truncated_A_SER_106,0.2,0,-1
S00010-38truncated_A_ALA_107,0.08,0,-1
S00010-38truncated_A_LYS_108,0.21,0,-1
S00010-38truncated_A_TYR_109,0.41,0,-1
S00010-38truncated_A_LEU_110,0.13,0,-1
S00010-38truncated_A_MET_111,0.07,0,-1
S00010-38truncated_A_GLU_112,0.16,0,-1
S00010-38truncated_A_THR_113,0.1,0,-1
S00010-38truncated_A_TRP_114,0.42,0,-1
S00010-38truncated_A_PRO_115,0.09,0,-1
S00010-38truncated_A_PHE_116,0.08,0,-1
S00010-38truncated_A_GLY_117,0.07,0,-1
S00010-38truncated_A_GLU_118,0.08,0,-1
S00010-38truncated_A_LEU_119,0.07,0,-1
S00010-38truncated_A_LEU_120,0.1,0,-1
S00010-38truncated_A_CYS_121,0.12,0,-1
S00010-38truncated_A_LYS_122,0.11,0,-1
S00010-38truncated_A_ALA_123,0.11,0,-1
S00010-38truncated_A_VAL_124,0.3,0,-1
S00010-38truncated_A_LEU_125,0.21,0,-1
S00010-38truncated_A_SER_126,0.22,0,-1
S00010-38truncated_A_ILE_127,0.25,0,-1
S00010-38truncated_A_ASP_128,0.73,1,0
S00010-38truncated_A_TYR_129,0.57,1,0
S00010-38truncated_A_TYR_130,0.3,0,-1
S00010-38truncated_A_ASN_131,0.46,0,-1
S00010-38truncated_A_MET_132,0.58,1,0
S00010-38truncated_A_PHE_133,0.28,0,-1
S00010-38truncated_A_THR_134,0.3,0,-1
S00010-38truncated_A_SER_135,0.31,0,-1
S00010-38truncated_A_ILE_136,0.28,0,-1
S00010-38truncated_A_PHE_137,0.34,0,-1
S00010-38truncated_A_THR_138,0.29,0,-1
S00010-38truncated_A_LEU_139,0.27,0,-1
S00010-38truncated_A_THR_140,0.18,0,-1
S00010-38truncated_A_MET_141,0.18,0,-1
S00010-38truncated_A_MET_142,0.21,0,-1
S00010-38truncated_A_SER_143,0.2,0,-1
S00010-38truncated_A_VAL_144,0.11,0,-1
S00010-38truncated_A_ASP_145,0.19,0,-1
S00010-38truncated_A_ARG_146,0.18,0,-1
S00010-38truncated_A_TYR_147,0.17,0,-1
S00010-38truncated_A_ILE_148,0.18,0,-1
S00010-38truncated_A_ALA_149,0.12,0,-1
S00010-38truncated_A_VAL_150,0.09,0,-1
S00010-38truncated_A_CYS_151,0.18,0,-1
S00010-38truncated_A_HIS_152,0.19,0,-1
S00010-38truncated_A_PRO_153,0.06,0,-1
S00010-38truncated_A_VAL_154,0.08,0,-1
S00010-38truncated_A_LYS_155,0.14,0,-1
S00010-38truncated_A_ALA_156,0.17,0,-1
S00010-38truncated_A_LEU_157,0.06,0,-1
S00010-38truncated_A_ASP_158,0.08,0,-1
S00010-38truncated_A_PHE_159,0.11,0,-1
S00010-38truncated_A_ARG_160,0.1,0,-1
S00010-38truncated_A_THR_161,0.12,0,-1
S00010-38truncated_A_PRO_162,0.06,0,-1
S00010-38truncated_A_ALA_163,0.04,0,-1
S00010-38truncated_A_LYS_164,0.19,0,-1
S00010-38truncated_A_ALA_165,0.12,0,-1
S00010-38truncated_A_LYS_166,0.24,0,-1
S00010-38truncated_A_LEU_167,0.15,0,-1
S00010-38truncated_A_ILE_168,0.21,0,-1
S00010-38truncated_A_ASN_169,0.3,0,-1
S00010-38truncated_A_ILE_170,0.1,0,-1
S00010-38truncated_A_CYS_171,0.11,0,-1
S00010-38truncated_A_ILE_172,0.11,0,-1
S00010-38truncated_A_TRP_173,0.34,0,-1
S00010-38truncated_A_VAL_174,0.16,0,-1
S00010-38truncated_A_LEU_175,0.1,0,-1
S00010-38truncated_A_ALA_176,0.2,0,-1
S00010-38truncated_A_SER_177,0.13,0,-1
S00010-38truncated_A_GLY_178,0.08,0,-1
S00010-38truncated_A_VAL_179,0.11,0,-1
S00010-38truncated_A_GLY_180,0.11,0,-1
S00010-38truncated_A_VAL_181,0.06,0,-1
S00010-38truncated_A_PRO_182,0.1,0,-1
S00010-38truncated_A_ILE_183,0.14,0,-1
S00010-38truncated_A_MET_184,0.11,0,-1
S00010-38truncated_A_VAL_185,0.07,0,-1
S00010-38truncated_A_MET_186,0.14,0,-1
S00010-38truncated_A_ALA_187,0.14,0,-1
S00010-38truncated_A_VAL_188,0.12,0,-1
S00010-38truncated_A_THR_189,0.04,0,-1
S00010-38truncated_A_ARG_190,0.09,0,-1
S00010-38truncated_A_PRO_191,0.04,0,-1
S00010-38truncated_A_ARG_192,0.1,0,-1
S00010-38truncated_A_ASP_193,0.07,0,-1
S00010-38truncated_A_GLY_194,0.02,0,-1
S00010-38truncated_A_ALA_195,0.04,0,-1
S00010-38truncated_A_VAL_196,0.11,0,-1
S00010-38truncated_A_VAL_197,0.08,0,-1
S00010-38truncated_A_CYS_198,0.17,0,-1
S00010-38truncated_A_MET_199,0.16,0,-1
S00010-38truncated_A_LEU_200,0.18,0,-1
S00010-38truncated_A_GLN_201,0.21,0,-1
S00010-38truncated_A_PHE_202,0.08,0,-1
S00010-38truncated_A_PRO_203,0.0,0,-1
S00010-38truncated_A_SER_204,0.03,0,-1
S00010-38truncated_A_PRO_205,0.1,0,-1
S00010-38truncated_A_SER_206,0.08,0,-1
S00010-38truncated_A_TRP_207,0.16,0,-1
S00010-38truncated_A_TYR_208,0.13,0,-1
S00010-38truncated_A_TRP_209,0.21,0,-1
S00010-38truncated_A_ASP_210,0.37,0,-1
S00010-38truncated_A_THR_211,0.14,0,-1
S00010-38truncated_A_VAL_212,0.15,0,-1
S00010-38truncated_A_THR_213,0.35,0,-1
S00010-38truncated_A_LYS_214,0.4,0,-1
S00010-38truncated_A_ILE_215,0.1,0,-1
S00010-38truncated_A_CYS_216,0.1,0,-1
S00010-38truncated_A_VAL_217,0.28,0,-1
S00010-38truncated_A_PHE_218,0.33,0,-1
S00010-38truncated_A_LEU_219,0.1,0,-1
S00010-38truncated_A_PHE_220,0.27,0,-1
S00010-38truncated_A_ALA_221,0.34,0,-1
S00010-38truncated_A_PHE_222,0.46,0,-1
S00010-38truncated_A_VAL_223,0.18,0,-1
S00010-38truncated_A_VAL_224,0.09,0,-1
S00010-38truncated_A_PRO_225,0.12,0,-1
S00010-38truncated_A_ILE_226,0.16,0,-1
S00010-38truncated_A_LEU_227,0.06,0,-1
S00010-38truncated_A_ILE_228,0.08,0,-1
S00010-38truncated_A_ILE_229,0.18,0,-1
S00010-38truncated_A_THR_230,0.17,0,-1
S00010-38truncated_A_VAL_231,0.1,0,-1
S00010-38truncated_A_CYS_232,0.18,0,-1
S00010-38truncated_A_TYR_233,0.24,0,-1
S00010-38truncated_A_GLY_234,0.11,0,-1
S00010-38truncated_A_LEU_235,0.12,0,-1
S00010-38truncated_A_MET_236,0.12,0,-1
S00010-38truncated_A_LEU_237,0.12,0,-1
S00010-38truncated_A_LEU_238,0.08,0,-1
S00010-38truncated_A_ARG_239,0.19,0,-1
S00010-38truncated_A_LEU_240,0.1,0,-1
S00010-38truncated_A_ARG_241,0.05,0,-1
S00010-38truncated_A_SER_242,0.04,0,-1
S00010-38truncated_A_VAL_243,0.05,0,-1
S00010-38truncated_A_ARG_244,0.23,0,-1
S00010-38truncated_A_LEU_245,0.04,0,-1
S00010-38truncated_A_LEU_246,0.08,0,-1
S00010-38truncated_A_SER_247,0.1,0,-1
S00010-38truncated_A_GLY_248,0.03,0,-1
S00010-38truncated_A_SER_249,0.1,0,-1
S00010-38truncated_A_LYS_250,0.07,0,-1
S00010-38truncated_A_GLU_251,0.1,0,-1
S00010-38truncated_A_LYS_252,0.08,0,-1
S00010-38truncated_A_ASP_253,0.12,0,-1
S00010-38truncated_A_ARG_254,0.11,0,-1
S00010-38truncated_A_SER_255,0.05,0,-1
S00010-38truncated_A_LEU_256,0.06,0,-1
S00010-38truncated_A_ARG_257,0.12,0,-1
S00010-38truncated_A_ARG_258,0.12,0,-1
S00010-38truncated_A_ILE_259,0.12,0,-1
S00010-38truncated_A_THR_260,0.07,0,-1
S00010-38truncated_A_ARG_261,0.1,0,-1
S00010-38truncated_A_MET_262,0.16,0,-1
S00010-38truncated_A_VAL_263,0.23,0,-1
S00010-38truncated_A_LEU_264,0.14,0,-1
S00010-38truncated_A_VAL_265,0.14,0,-1
S00010-38truncated_A_VAL_266,0.13,0,-1
S00010-38truncated_A_VAL_267,0.13,0,-1
S00010-38truncated_A_GLY_268,0.06,0,-1
S00010-38truncated_A_ALA_269,0.21,0,-1
S00010-38truncated_A_PHE_270,0.38,0,-1
S00010-38truncated_A_VAL_271,0.1,0,-1
S00010-38truncated_A_VAL_272,0.11,0,-1
S00010-38truncated_A_CYS_273,0.23,0,-1
S00010-38truncated_A_TRP_274,0.55,1,-1
S00010-38truncated_A_ALA_275,0.15,0,-1
S00010-38truncated_A_PRO_276,0.23,0,-1
S00010-38truncated_A_ILE_277,0.36,0,-1
S00010-38truncated_A_HIS_278,0.59,1,-1
S00010-38truncated_A_ILE_279,0.21,0,-1
S00010-38truncated_A_PHE_280,0.16,0,-1
S00010-38truncated_A_VAL_281,0.22,0,-1
S00010-38truncated_A_ILE_282,0.2,0,-1
S00010-38truncated_A_VAL_283,0.08,0,-1
S00010-38truncated_A_TRP_284,0.19,0,-1
S00010-38truncated_A_THR_285,0.23,0,-1
S00010-38truncated_A_LEU_286,0.08,0,-1
S00010-38truncated_A_VAL_287,0.13,0,-1
S00010-38truncated_A_ASP_288,0.07,0,-1
S00010-38truncated_A_ILE_289,0.1,0,-1
S00010-38truncated_A_ASP_290,0.11,0,-1
S00010-38truncated_A_ARG_291,0.22,0,-1
S00010-38truncated_A_ARG_292,0.1,0,-1
S00010-38truncated_A_ASP_293,0.08,0,-1
S00010-38truncated_A_PRO_294,0.1,0,-1
S00010-38truncated_A_LEU_295,0.14,0,-1
S00010-38truncated_A_VAL_296,0.11,0,-1
S00010-38truncated_A_VAL_297,0.1,0,-1
S00010-38truncated_A_ALA_298,0.12,0,-1
S00010-38truncated_A_ALA_299,0.12,0,-1
S00010-38truncated_A_LEU_300,0.18,0,-1
S00010-38truncated_A_HIS_301,0.36,0,-1
S00010-38truncated_A_LEU_302,0.12,0,-1
S00010-38truncated_A_CYS_303,0.15,0,-1
S00010-38truncated_A_ILE_304,0.11,0,-1
S00010-38truncated_A_ALA_305,0.23,0,-1
S00010-38truncated_A_LEU_306,0.19,0,-1
S00010-38truncated_A_GLY_307,0.36,0,-1
S00010-38truncated_A_TYR_308,0.33,0,-1
S00010-38truncated_A_ALA_309,0.25,0,-1
S00010-38truncated_A_ASN_310,0.38,0,-1
S00010-38truncated_A_SER_311,0.36,0,-1
S00010-38truncated_A_SER_312,0.46,0,-1
S00010-38truncated_A_LEU_313,0.27,0,-1
S00010-38truncated_A_ASN_314,0.4,0,-1
S00010-38truncated_A_PRO_315,0.22,0,-1
S00010-38truncated_A_VAL_316,0.14,0,-1
S00010-38truncated_A_LEU_317,0.13,0,-1
S00010-38truncated_A_TYR_318,0.33,0,-1
S00010-38truncated_A_ALA_319,0.29,0,-1
S00010-38truncated_A_PHE_320,0.14,0,-1
S00010-38truncated_A_LEU_321,0.09,0,-1
S00010-38truncated_A_ASP_322,0.2,0,-1
S00010-38truncated_A_GLU_323,0.09,0,-1
S00010-38truncated_A_ASN_324,0.07,0,-1
S00010-38truncated_A_PHE_325,0.17,0,-1
S00010-38truncated_A_LYS_326,0.08,0,-1
S00010-38truncated_A_ARG_327,0.12,0,-1
S00010-38truncated_A_CYS_328,0.1,0,-1
S00010-38truncated_A_PHE_329,0.12,0,-1
S00010-38truncated_A_ARG_330,0.11,0,-1
S00010-38truncated_A_GLN_331,0.07,0,-1
S00010-38truncated_A_LEU_332,0.12,0,-1
S00010-38truncated_A_CYS_333,0.09,0,-1
S00010-38truncated_A_ARG_334,0.09,0,-1
S00010-38truncated_A_LYS_335,0.16,0,-1
S00010-38truncated_A_PRO_336,0.08,0,-1
S00010-38truncated_A_CYS_337,0.07,0,-1
S00010-38truncated_A_GLY_338,0.05,0,-1
S00010-38truncated_A_ARG_339,0.13,0,-1
S00010-38truncated_A_PRO_340,0.09,0,-1
S00010-38truncated_A_ASP_341,0.06,0,-1
S00010-38truncated_A_PRO_342,0.12,0,-1
S00010-38truncated_A_SER_343,0.12,0,-1
S00010-38truncated_A_SER_344,0.08,0,-1
S00010-38truncated_A_PHE_345,0.11,0,-1
S00010-38truncated_A_SER_346,0.1,0,-1
S00010-38truncated_A_ARG_347,0.12,0,-1
S00010-38truncated_A_ALA_348,0.1,0,-1
S00010-38truncated_A_ARG_349,0.26,0,-1
S00010-38truncated_A_GLU_350,0.17,0,-1
S00010-38truncated_A_ALA_351,0.1,0,-1
S00010-38truncated_A_THR_352,0.12,0,-1
S00010-38truncated_A_ALA_353,0.1,0,-1
S00010-38truncated_A_ARG_354,0.24,0,-1
S00010-38truncated_A_GLU_355,0.12,0,-1
S00010-38truncated_A_ARG_356,0.08,0,-1
S00010-38truncated_A_VAL_357,0.02,0,-1
S00010-38truncated_A_THR_358,0.04,0,-1
S00010-38truncated_A_ALA_359,0.02,0,-1
S00010-38truncated_A_CYS_360,0.02,0,-1
S00010-38truncated_A_THR_361,0.02,0,-1
S00010-38truncated_A_PRO_362,0.06,0,-1
S00010-38truncated_A_SER_363,0.05,0,-1
S00010-38truncated_A_ASP_364,0.04,0,-1
S00010-38truncated_A_GLY_365,0.0,0,-1
S00010-38truncated_A_PRO_366,0.02,0,-1
S00010-38truncated_A_GLY_367,0.09,0,-1
S00010-38truncated_A_GLY_368,0.02,0,-1
S00010-38truncated_A_GLY_369,0.01,0,-1
S00010-38truncated_A_ALA_370,0.1,0,-1
S00010-38truncated_A_ALA_371,0.03,0,-1
S00010-38truncated_A_ALA_372,0.04,0,-1
